,ds,trend,yhat_lower,yhat_upper,trend_lower,trend_upper,daily,daily_lower,daily_upper,multiplicative_terms,multiplicative_terms_lower,multiplicative_terms_upper,additive_terms,additive_terms_lower,additive_terms_upper,yhat
0,2020-01-22,0.03472579436444894,-1019.7323161267321,1022.514680652082,0.03472579436444894,0.03472579436444894,36.57482761076986,36.57482761076986,36.57482761076986,36.57482761076986,36.57482761076986,36.57482761076986,0.0,0.0,0.0,1.3048157368912123
1,2020-01-23,0.03266366295814659,-979.9057376822503,1031.1600688863462,0.03266366295814659,0.03266366295814659,36.57482761076986,36.57482761076986,36.57482761076986,36.57482761076986,36.57482761076986,36.57482761076986,0.0,0.0,0.0,1.2273315047886473
2,2020-01-24,0.030601531551844245,-950.3295062565792,1012.40434641585,0.030601531551844245,0.030601531551844245,36.57482761076986,36.57482761076986,36.57482761076986,36.57482761076986,36.57482761076986,36.57482761076986,0.0,0.0,0.0,1.1498472726860822
3,2020-01-25,0.028539400145541894,-911.9033495974725,1032.9914288977227,0.028539400145541894,0.028539400145541894,36.57482761076986,36.57482761076986,36.57482761076986,36.57482761076986,36.57482761076986,36.57482761076986,0.0,0.0,0.0,1.072363040583517
4,2020-01-26,0.026478146093703806,-1072.1430313256824,995.2332329721862,0.026478146093703806,0.026478146093703806,36.57482761076986,36.57482761076986,36.57482761076986,36.57482761076986,36.57482761076986,36.57482761076986,0.0,0.0,0.0,0.9949117749236999
5,2020-01-27,0.024416892041865722,-990.0630161919302,1002.1695340372593,0.024416892041865722,0.024416892041865722,36.57482761076986,36.57482761076986,36.57482761076986,36.57482761076986,36.57482761076986,36.57482761076986,0.0,0.0,0.0,0.917460509263883
6,2020-01-28,0.022355637990027634,-1108.8616657622658,1003.9205715632602,0.022355637990027634,0.022355637990027634,36.57482761076986,36.57482761076986,36.57482761076986,36.57482761076986,36.57482761076986,36.57482761076986,0.0,0.0,0.0,0.8400092436040659
7,2020-01-29,0.020293438162834312,-1013.3892541639013,1007.6415129090625,0.020293438162834312,0.020293438162834312,36.57482761076986,36.57482761076986,36.57482761076986,36.57482761076986,36.57482761076986,36.57482761076986,0.0,0.0,0.0,0.7625224405983175
8,2020-01-30,0.01823123833564098,-1052.0442215551668,1044.540893405832,0.01823123833564098,0.01823123833564098,36.57482761076986,36.57482761076986,36.57482761076986,36.57482761076986,36.57482761076986,36.57482761076986,0.0,0.0,0.0,0.6850356375925687
9,2020-01-31,0.016169038508447652,-1066.7959714861247,942.1408929865063,0.016169038508447652,0.016169038508447652,36.57482761076986,36.57482761076986,36.57482761076986,36.57482761076986,36.57482761076986,36.57482761076986,0.0,0.0,0.0,0.60754883458682
10,2020-02-01,0.014095286470886209,-955.8408910144191,1040.1088623960557,0.014095286470886209,0.014095286470886209,36.57482761076986,36.57482761076986,36.57482761076986,36.57482761076986,36.57482761076986,36.57482761076986,0.0,0.0,0.0,0.5296279592679659
11,2020-02-02,0.012021534433324767,-1016.0055198452109,1047.0135423395357,0.012021534433324767,0.012021534433324767,36.57482761076986,36.57482761076986,36.57482761076986,36.57482761076986,36.57482761076986,36.57482761076986,0.0,0.0,0.0,0.451707083949112
12,2020-02-03,0.009947782395763327,-1000.5719611580456,964.6857321031978,0.009947782395763327,0.009947782395763327,36.57482761076986,36.57482761076986,36.57482761076986,36.57482761076986,36.57482761076986,36.57482761076986,0.0,0.0,0.0,0.3737862086302582
13,2020-02-04,0.007402535948665465,-1047.2667690563983,970.7964752592616,0.007402535948665465,0.007402535948665465,36.57482761076986,36.57482761076986,36.57482761076986,36.57482761076986,36.57482761076986,36.57482761076986,0.0,0.0,0.0,0.2781490121536316
14,2020-02-05,0.00485728950156761,-1007.4078388008859,998.7227336362727,0.00485728950156761,0.00485728950156761,36.57482761076986,36.57482761076986,36.57482761076986,36.57482761076986,36.57482761076986,36.57482761076986,0.0,0.0,0.0,0.1825118156770052
15,2020-02-06,0.002312043054469748,-1037.8344890231897,912.5859938308033,0.002312043054469748,0.002312043054469748,36.57482761076986,36.57482761076986,36.57482761076986,36.57482761076986,36.57482761076986,36.57482761076986,0.0,0.0,0.0,0.08687461920037856
16,2020-02-07,-0.00023320339262811453,-1065.814727155499,1156.3733833356785,-0.00023320339262811453,-0.00023320339262811453,36.57482761076986,36.57482761076986,36.57482761076986,36.57482761076986,36.57482761076986,36.57482761076986,0.0,0.0,0.0,-0.008762577276248082
17,2020-02-08,-0.003062234546304732,-997.2348494364173,1028.2919619197157,-0.003062234546304732,-0.003062234546304732,36.57482761076986,36.57482761076986,36.57482761076986,36.57482761076986,36.57482761076986,36.57482761076986,0.0,0.0,0.0,-0.11506293518114435
18,2020-02-09,-0.005891265699981349,-1093.7504876858213,971.9278157241268,-0.005891265699981349,-0.005891265699981349,36.57482761076986,36.57482761076986,36.57482761076986,36.57482761076986,36.57482761076986,36.57482761076986,0.0,0.0,0.0,-0.2213632930860406
19,2020-02-10,-0.008720296853657966,-931.7756387406049,1032.6464975108893,-0.008720296853657966,-0.008720296853657966,36.57482761076986,36.57482761076986,36.57482761076986,36.57482761076986,36.57482761076986,36.57482761076986,0.0,0.0,0.0,-0.32766365099093686
20,2020-02-11,-0.011554431355162311,-983.8165575531043,1093.0372916044364,-0.01155443135516231,-0.01155443135516231,36.57482761076986,36.57482761076986,36.57482761076986,36.57482761076986,36.57482761076986,36.57482761076986,0.0,0.0,0.0,-0.4341557663106978
21,2020-02-12,-0.014388565856666643,-998.7239414083856,1056.5268327541316,-0.014388565856666643,-0.014388565856666643,36.57482761076986,36.57482761076986,36.57482761076986,36.57482761076986,36.57482761076986,36.57482761076986,0.0,0.0,0.0,-0.5406478816304582
22,2020-02-13,-0.017222700358170986,-951.7411935796887,1016.0094233153169,-0.017222700358170986,-0.017222700358170986,36.57482761076986,36.57482761076986,36.57482761076986,36.57482761076986,36.57482761076986,36.57482761076986,0.0,0.0,0.0,-0.6471399969502191
23,2020-02-14,-0.020054598213792376,-1011.4344267028883,1036.816234627092,-0.020054598213792376,-0.020054598213792376,36.57482761076986,36.57482761076986,36.57482761076986,36.57482761076986,36.57482761076986,36.57482761076986,0.0,0.0,0.0,-0.7535480706865016
24,2020-02-15,-0.02288649606941376,-1000.4685660511783,1050.2092983761354,-0.02288649606941376,-0.02288649606941376,36.57482761076986,36.57482761076986,36.57482761076986,36.57482761076986,36.57482761076986,36.57482761076986,0.0,0.0,0.0,-0.8599561444227839
25,2020-02-16,-0.025718393925035162,-1060.7845661348729,1055.9190078378858,-0.025718393925035162,-0.025718393925035162,36.57482761076986,36.57482761076986,36.57482761076986,36.57482761076986,36.57482761076986,36.57482761076986,0.0,0.0,0.0,-0.966364218159067
26,2020-02-17,-0.028552269310783727,-1017.1312863839537,1113.4091338457781,-0.028552269310783727,-0.028552269310783727,36.57482761076986,36.57482761076986,36.57482761076986,36.57482761076986,36.57482761076986,36.57482761076986,0.0,0.0,0.0,-1.0728465972489734
27,2020-02-18,-0.03138614469653229,-1034.6163706686064,982.1740795481195,-0.03138614469653229,-0.03138614469653229,36.57482761076986,36.57482761076986,36.57482761076986,36.57482761076986,36.57482761076986,36.57482761076986,0.0,0.0,0.0,-1.1793289763388795
28,2020-02-19,-0.034220020082280846,-1061.3577691491187,1040.173558047365,-0.034220020082280846,-0.034220020082280846,36.57482761076986,36.57482761076986,36.57482761076986,36.57482761076986,36.57482761076986,36.57482761076986,0.0,0.0,0.0,-1.2858113554287853
29,2020-02-20,-0.03705367021655245,-1051.3836264077058,998.8636317017026,-0.03705367021655245,-0.03705367021655245,36.57482761076986,36.57482761076986,36.57482761076986,36.57482761076986,36.57482761076986,36.57482761076986,0.0,0.0,0.0,-1.3922852707332758
30,2020-02-21,-0.03988732035082403,-996.2181121288559,1017.2084755117125,-0.03988732035082403,-0.03988732035082403,36.57482761076986,36.57482761076986,36.57482761076986,36.57482761076986,36.57482761076986,36.57482761076986,0.0,0.0,0.0,-1.4987591860377654
31,2020-02-22,-0.042720970485095676,-974.9637455753958,1011.1118786772238,-0.042720970485095676,-0.042720970485095676,36.57482761076986,36.57482761076986,36.57482761076986,36.57482761076986,36.57482761076986,36.57482761076986,0.0,0.0,0.0,-1.6052331013422572
32,2020-02-23,-0.023361170589299225,-1035.9059807486992,943.4812064279328,-0.023361170589299225,-0.023361170589299225,36.57482761076986,36.57482761076986,36.57482761076986,36.57482761076986,36.57482761076986,36.57482761076986,0.0,0.0,0.0,-0.8777919576787053
33,2020-02-24,-0.004001370693502893,-1066.07047010909,1001.4205357972744,-0.004001370693502893,-0.004001370693502893,36.57482761076986,36.57482761076986,36.57482761076986,36.57482761076986,36.57482761076986,36.57482761076986,0.0,0.0,0.0,-0.15035081401515785
34,2020-02-25,0.015358429202293557,-1012.5010937905895,1015.0393938609636,0.015358429202293557,0.015358429202293557,36.57482761076986,36.57482761076986,36.57482761076986,36.57482761076986,36.57482761076986,36.57482761076986,0.0,0.0,0.0,0.577090329648394
35,2020-02-26,0.05004146574184737,-925.6116448376849,1047.849163980062,0.05004146574184737,0.05004146574184737,36.57482761076986,36.57482761076986,36.57482761076986,36.57482761076986,36.57482761076986,36.57482761076986,0.0,0.0,0.0,1.8802994486401605
36,2020-02-27,0.08472450228140119,-1062.5821342828258,986.3436083087246,0.08472450228140119,0.08472450228140119,36.57482761076986,36.57482761076986,36.57482761076986,36.57482761076986,36.57482761076986,36.57482761076986,0.0,0.0,0.0,3.183508567631927
37,2020-02-28,0.11940753882095546,-1078.8253760855146,1021.5545096558224,0.11940753882095545,0.11940753882095545,36.57482761076986,36.57482761076986,36.57482761076986,36.57482761076986,36.57482761076986,36.57482761076986,0.0,0.0,0.0,4.486717686623711
38,2020-02-29,0.24977915663215833,-1032.0518173823311,1042.782907792333,0.24977915663215833,0.24977915663215833,36.57482761076986,36.57482761076986,36.57482761076986,36.57482761076986,36.57482761076986,36.57482761076986,0.0,0.0,0.0,9.385408751216833
39,2020-03-01,0.3801507744433612,-1023.2769395532931,1037.9663447802227,0.3801507744433612,0.3801507744433612,36.57482761076986,36.57482761076986,36.57482761076986,36.57482761076986,36.57482761076986,36.57482761076986,0.0,0.0,0.0,14.284099815809954
40,2020-03-02,0.510522392254565,-997.1628467860121,1040.4499282119575,0.510522392254565,0.510522392254565,36.57482761076986,36.57482761076986,36.57482761076986,36.57482761076986,36.57482761076986,36.57482761076986,0.0,0.0,0.0,19.182790880403108
41,2020-03-03,0.640894010065767,-979.0394749360435,1093.1206614313053,0.640894010065767,0.640894010065767,36.57482761076986,36.57482761076986,36.57482761076986,36.57482761076986,36.57482761076986,36.57482761076986,0.0,0.0,0.0,24.081481944996195
42,2020-03-04,1.011970297709399,-1039.7303660209918,1028.0345317156984,1.011970297709399,1.011970297709399,36.57482761076986,36.57482761076986,36.57482761076986,36.57482761076986,36.57482761076986,36.57482761076986,0.0,0.0,0.0,38.02460948365012
43,2020-03-05,1.3830465853530332,-977.1620296398866,1012.5784523899758,1.3830465853530332,1.3830465853530332,36.57482761076986,36.57482761076986,36.57482761076986,36.57482761076986,36.57482761076986,36.57482761076986,0.0,0.0,0.0,51.96773702230412
44,2020-03-06,1.7541228729966671,-930.1560803602206,1090.5985419322344,1.7541228729966671,1.7541228729966671,36.57482761076986,36.57482761076986,36.57482761076986,36.57482761076986,36.57482761076986,36.57482761076986,0.0,0.0,0.0,65.91086456095812
45,2020-03-07,2.4947328872686656,-905.3141853555636,1173.9480203802748,2.4947328872686656,2.4947328872686656,36.57482761076986,36.57482761076986,36.57482761076986,36.57482761076986,36.57482761076986,36.57482761076986,0.0,0.0,0.0,93.73915817403827
46,2020-03-08,3.2353429015406676,-870.1064836552893,1187.1595764786773,3.2353429015406676,3.2353429015406676,36.57482761076986,36.57482761076986,36.57482761076986,36.57482761076986,36.57482761076986,36.57482761076986,0.0,0.0,0.0,121.56745178711854
47,2020-03-09,3.975952915812681,-955.4748235329249,1125.6263751738848,3.975952915812681,3.975952915812681,36.57482761076986,36.57482761076986,36.57482761076986,36.57482761076986,36.57482761076986,36.57482761076986,0.0,0.0,0.0,149.39574540019925
48,2020-03-10,6.739148647670971,-766.2265818405972,1316.5813870975276,6.739148647670971,6.739148647670971,36.57482761076986,36.57482761076986,36.57482761076986,36.57482761076986,36.57482761076986,36.57482761076986,0.0,0.0,0.0,253.22234867958957
49,2020-03-11,9.502344379529276,-696.5164609951796,1345.0513851134408,9.502344379529276,9.502344379529276,36.57482761076986,36.57482761076986,36.57482761076986,36.57482761076986,36.57482761076986,36.57482761076986,0.0,0.0,0.0,357.0489519589804
50,2020-03-12,12.265540111387589,-563.1967585216038,1470.2690181774926,12.265540111387589,12.265540111387589,36.57482761076986,36.57482761076986,36.57482761076986,36.57482761076986,36.57482761076986,36.57482761076986,0.0,0.0,0.0,460.8755552383716
51,2020-03-13,11.312007772999973,-551.2800109829176,1496.38274354022,11.312007772999973,11.312007772999973,36.57482761076986,36.57482761076986,36.57482761076986,36.57482761076986,36.57482761076986,36.57482761076986,0.0,0.0,0.0,425.04674200216266
52,2020-03-14,10.358475434612343,-571.1363574011758,1401.2062145818672,10.358475434612343,10.358475434612343,36.57482761076986,36.57482761076986,36.57482761076986,36.57482761076986,36.57482761076986,36.57482761076986,0.0,0.0,0.0,389.21792876595316
53,2020-03-15,9.404943096224727,-703.9860514822128,1397.1031500799766,9.404943096224727,9.404943096224727,36.57482761076986,36.57482761076986,36.57482761076986,36.57482761076986,36.57482761076986,36.57482761076986,0.0,0.0,0.0,353.38911552974423
54,2020-03-16,33.8227004294015,198.8431650947846,2326.106483002688,33.8227004294015,33.8227004294015,36.57482761076986,36.57482761076986,36.57482761076986,36.57482761076986,36.57482761076986,36.57482761076986,0.0,0.0,0.0,1270.882137965473
55,2020-03-17,58.24045776257803,1210.6842787402093,3193.128087966804,58.24045776257803,58.24045776257803,36.57482761076986,36.57482761076986,36.57482761076986,36.57482761076986,36.57482761076986,36.57482761076986,0.0,0.0,0.0,2188.3751604011927
56,2020-03-18,82.65821509575456,2089.7638475122912,4148.09843398527,82.65821509575456,82.65821509575456,36.57482761076986,36.57482761076986,36.57482761076986,36.57482761076986,36.57482761076986,36.57482761076986,0.0,0.0,0.0,3105.868182836912
57,2020-03-19,113.55153487349658,3312.136374721686,5279.211810699706,113.55153487349658,113.55153487349658,36.57482761076986,36.57482761076986,36.57482761076986,36.57482761076986,36.57482761076986,36.57482761076986,0.0,0.0,0.0,4266.679347809955
58,2020-03-20,144.44485465123836,4495.151850357072,6418.771743867439,144.44485465123836,144.44485465123836,36.57482761076986,36.57482761076986,36.57482761076986,36.57482761076986,36.57482761076986,36.57482761076986,0.0,0.0,0.0,5427.49051278299
59,2020-03-21,175.3381744289799,5613.7149036037,7593.031636106138,175.3381744289799,175.3381744289799,36.57482761076986,36.57482761076986,36.57482761076986,36.57482761076986,36.57482761076986,36.57482761076986,0.0,0.0,0.0,6588.301677756015
60,2020-03-22,215.1089375606455,6999.049848724853,9142.046388233497,215.1089375606455,215.1089375606455,36.57482761076986,36.57482761076986,36.57482761076986,36.57482761076986,36.57482761076986,36.57482761076986,0.0,0.0,0.0,8082.681246377112
61,2020-03-23,254.8797006923106,8530.776636504106,10584.495887870371,254.8797006923106,254.8797006923106,36.57482761076986,36.57482761076986,36.57482761076986,36.57482761076986,36.57482761076986,36.57482761076986,0.0,0.0,0.0,9577.060814998189
62,2020-03-24,294.65046382397594,10091.207001919205,12033.411097022808,294.65046382397594,294.65046382397594,36.57482761076986,36.57482761076986,36.57482761076986,36.57482761076986,36.57482761076986,36.57482761076986,0.0,0.0,0.0,11071.440383619276
63,2020-03-25,350.3295817043604,12151.693344174935,14231.08466085897,350.3295817043604,350.3295817043604,36.57482761076986,36.57482761076986,36.57482761076986,36.57482761076986,36.57482761076986,36.57482761076986,0.0,0.0,0.0,13163.573639494456
64,2020-03-26,406.00869958474533,14227.704275761196,16258.231162910897,406.00869958474533,406.00869958474533,36.57482761076986,36.57482761076986,36.57482761076986,36.57482761076986,36.57482761076986,36.57482761076986,0.0,0.0,0.0,15255.706895369654
65,2020-03-27,461.6878174651298,16344.324066172316,18442.085615973447,461.6878174651298,461.6878174651298,36.57482761076986,36.57482761076986,36.57482761076986,36.57482761076986,36.57482761076986,36.57482761076986,0.0,0.0,0.0,17347.840151244833
66,2020-03-28,517.3669353455147,18478.77287978719,20500.76398579507,517.3669353455147,517.3669353455147,36.57482761076986,36.57482761076986,36.57482761076986,36.57482761076986,36.57482761076986,36.57482761076986,0.0,0.0,0.0,19439.97340712003
67,2020-03-29,558.7457634762239,19966.034254407146,21966.438878300785,558.7457634762239,558.7457634762239,36.57482761076986,36.57482761076986,36.57482761076986,36.57482761076986,36.57482761076986,36.57482761076986,0.0,0.0,0.0,20994.775740867106
68,2020-03-30,600.1245916069328,21625.853196842087,23544.06140924538,600.1245916069328,600.1245916069328,36.57482761076986,36.57482761076986,36.57482761076986,36.57482761076986,36.57482761076986,36.57482761076986,0.0,0.0,0.0,22549.578074614165
69,2020-03-31,641.5034197376426,23095.409832397534,25158.117370610875,641.5034197376426,641.5034197376426,36.57482761076986,36.57482761076986,36.57482761076986,36.57482761076986,36.57482761076986,36.57482761076986,0.0,0.0,0.0,24104.38040836126
70,2020-04-01,714.6948436444022,25905.3647253915,27932.952879281573,714.6948436444022,714.6948436444022,36.57482761076986,36.57482761076986,36.57482761076986,36.57482761076986,36.57482761076986,36.57482761076986,0.0,0.0,0.0,26854.535544244533
71,2020-04-02,787.886267551162,28540.057063013268,30649.33184514054,787.886267551162,787.886267551162,36.57482761076986,36.57482761076986,36.57482761076986,36.57482761076986,36.57482761076986,36.57482761076986,0.0,0.0,0.0,29604.69068012781
72,2020-04-03,861.0776914579221,31388.693192033665,33350.854254046055,861.0776914579221,861.0776914579221,36.57482761076986,36.57482761076986,36.57482761076986,36.57482761076986,36.57482761076986,36.57482761076986,0.0,0.0,0.0,32354.8458160111
73,2020-04-04,830.094676375509,30198.897737911873,32160.808842028757,830.094676375509,830.094676375509,36.57482761076986,36.57482761076986,36.57482761076986,36.57482761076986,36.57482761076986,36.57482761076986,0.0,0.0,0.0,31190.664365427547
74,2020-04-05,799.1116612930949,29026.68620460671,31150.473421266044,799.1116612930949,799.1116612930949,36.57482761076986,36.57482761076986,36.57482761076986,36.57482761076986,36.57482761076986,36.57482761076986,0.0,0.0,0.0,30026.482914843953
75,2020-04-06,768.1286462106814,27791.89096756615,29888.90785189533,768.1286462106814,768.1286462106814,36.57482761076986,36.57482761076986,36.57482761076986,36.57482761076986,36.57482761076986,36.57482761076986,0.0,0.0,0.0,28862.301464260385
76,2020-04-07,812.3213412698555,29469.095287873944,31506.412934198266,812.3213412698555,812.3213412698555,36.57482761076986,36.57482761076986,36.57482761076986,36.57482761076986,36.57482761076986,36.57482761076986,0.0,0.0,0.0,30522.83436276417
77,2020-04-08,856.5140363290295,31065.25491073053,33177.44483539978,856.5140363290295,856.5140363290295,36.57482761076986,36.57482761076986,36.57482761076986,36.57482761076986,36.57482761076986,36.57482761076986,0.0,0.0,0.0,32183.367261267955
78,2020-04-09,900.7067313882037,32805.61728041764,34876.238949262726,900.7067313882037,900.7067313882037,36.57482761076986,36.57482761076986,36.57482761076986,36.57482761076986,36.57482761076986,36.57482761076986,0.0,0.0,0.0,33843.90015977175
79,2020-04-10,856.5089018182991,31148.242386223203,33275.46840392663,856.5089018182991,856.5089018182991,36.57482761076986,36.57482761076986,36.57482761076986,36.57482761076986,36.57482761076986,36.57482761076986,0.0,0.0,0.0,32183.174332912396
80,2020-04-11,812.3110722483947,29531.414803970285,31496.942839884985,812.3110722483947,812.3110722483947,36.57482761076986,36.57482761076986,36.57482761076986,36.57482761076986,36.57482761076986,36.57482761076986,0.0,0.0,0.0,30522.44850605305
81,2020-04-12,768.1132426784902,27833.5663690858,29816.63428656973,768.1132426784902,768.1132426784902,36.57482761076986,36.57482761076986,36.57482761076986,36.57482761076986,36.57482761076986,36.57482761076986,0.0,0.0,0.0,28861.722679193703
82,2020-04-13,723.9154131085858,26174.360557893193,28184.093159718945,723.9154131085858,723.9154131085858,36.57482761076986,36.57482761076986,36.57482761076986,36.57482761076986,36.57482761076986,36.57482761076986,0.0,0.0,0.0,27200.996852334356
83,2020-04-14,679.7175835386813,24511.734983897528,26522.907391750643,679.7175835386813,679.7175835386813,36.57482761076986,36.57482761076986,36.57482761076986,36.57482761076986,36.57482761076986,36.57482761076986,0.0,0.0,0.0,25540.27102547501
84,2020-04-15,635.5197539687773,22809.26957935927,24991.577225175788,634.5117975616528,636.1815743920396,36.57482761076986,36.57482761076986,36.57482761076986,36.57482761076986,36.57482761076986,36.57482761076986,0.0,0.0,0.0,23879.54519861568
85,2020-04-16,591.3219243988718,20944.307251600774,23389.448675237658,579.1258859445519,602.1896953986985,36.57482761076986,36.57482761076986,36.57482761076986,36.57482761076986,36.57482761076986,36.57482761076986,0.0,0.0,0.0,22218.819371756297
86,2020-04-17,547.1240948289678,19026.16652256161,22077.76216160047,515.0057134204114,573.1322686713279,36.57482761076986,36.57482761076986,36.57482761076986,36.57482761076986,36.57482761076986,36.57482761076986,0.0,0.0,0.0,20558.09354489697
87,2020-04-18,502.9262652590638,16749.068286444053,20925.738581860096,452.3053627713445,549.7992360194397,36.57482761076986,36.57482761076986,36.57482761076986,36.57482761076986,36.57482761076986,36.57482761076986,0.0,0.0,0.0,18897.367718037636
88,2020-04-19,458.7284356891584,14311.128125750176,19957.37788887471,382.7288045544827,528.1448355304891,36.57482761076986,36.57482761076986,36.57482761076986,36.57482761076986,36.57482761076986,36.57482761076986,0.0,0.0,0.0,17236.641891178253
89,2020-04-20,414.5306061192544,11957.325844302948,19395.72000911832,316.21065438277526,513.1871533055773,36.57482761076986,36.57482761076986,36.57482761076986,36.57482761076986,36.57482761076986,36.57482761076986,0.0,0.0,0.0,15575.916064318924
90,2020-04-21,370.3327765493504,9151.928612685138,18616.67733092764,247.65193077280776,500.8894736306007,36.57482761076986,36.57482761076986,36.57482761076986,36.57482761076986,36.57482761076986,36.57482761076986,0.0,0.0,0.0,13915.190237459596
91,2020-04-22,326.1349469794449,6466.330839552562,18218.1511395851,172.28507015101604,487.0729364910726,36.57482761076986,36.57482761076986,36.57482761076986,36.57482761076986,36.57482761076986,36.57482761076986,0.0,0.0,0.0,12254.46441060021
92,2020-04-23,281.937117409541,3219.4904920611943,17712.389652666323,91.40099898447914,479.0637369972414,36.57482761076986,36.57482761076986,36.57482761076986,36.57482761076986,36.57482761076986,36.57482761076986,0.0,0.0,0.0,10593.738583740884
93,2020-04-24,237.73928783963697,371.20200559877486,17485.37078562909,16.367220678689986,463.5775702630151,36.57482761076986,36.57482761076986,36.57482761076986,36.57482761076986,36.57482761076986,36.57482761076986,0.0,0.0,0.0,8933.012756881555
94,2020-04-25,193.54145826973152,-2351.3626210392267,17081.78211863026,-55.56816027487739,454.4572773434613,36.57482761076986,36.57482761076986,36.57482761076986,36.57482761076986,36.57482761076986,36.57482761076986,0.0,0.0,0.0,7272.28693002217
95,2020-04-26,149.34362869982752,-5254.317885985675,17264.500998193354,-124.59941263813448,452.3638052061663,36.57482761076986,36.57482761076986,36.57482761076986,36.57482761076986,36.57482761076986,36.57482761076986,0.0,0.0,0.0,5611.561103162841
96,2020-04-27,105.14579912992352,-8411.09891195445,17074.551518254466,-211.93116905178283,445.6902091936439,36.57482761076986,36.57482761076986,36.57482761076986,36.57482761076986,36.57482761076986,36.57482761076986,0.0,0.0,0.0,3950.8352763035114
97,2020-04-28,60.94796956001807,-11667.274038812753,16679.774423232586,-295.88706268546,443.3142526052286,36.57482761076986,36.57482761076986,36.57482761076986,36.57482761076986,36.57482761076986,36.57482761076986,0.0,0.0,0.0,2290.109449444128
98,2020-04-29,16.75013999011408,-14679.101394444559,17158.787622304957,-388.94085659817625,453.5246630463615,36.57482761076986,36.57482761076986,36.57482761076986,36.57482761076986,36.57482761076986,36.57482761076986,0.0,0.0,0.0,629.3836225847989
99,2020-04-30,-27.447689579789916,-17862.0601220042,17180.095772514585,-477.824091539156,465.31928219433433,36.57482761076986,36.57482761076986,36.57482761076986,36.57482761076986,36.57482761076986,36.57482761076986,0.0,0.0,0.0,-1031.3422042745303
100,2020-05-01,-71.64551914969537,-21212.630384535936,18058.550394194433,-563.4473764424846,471.33137694190776,36.57482761076986,36.57482761076986,36.57482761076986,36.57482761076986,36.57482761076986,36.57482761076986,0.0,0.0,0.0,-2692.0680311339142
101,2020-05-02,-115.84334871959936,-24321.325810812592,18224.30207370383,-652.7566579063067,476.72455669405014,36.57482761076986,36.57482761076986,36.57482761076986,36.57482761076986,36.57482761076986,36.57482761076986,0.0,0.0,0.0,-4352.793857993243
102,2020-05-03,-160.04117828950336,-28016.587378463853,18981.462165486144,-744.8983939390196,487.1445451389724,36.57482761076986,36.57482761076986,36.57482761076986,36.57482761076986,36.57482761076986,36.57482761076986,0.0,0.0,0.0,-6013.519684852573
103,2020-05-04,-204.23900785940833,-31024.197431218414,18884.799256236292,-846.1784205412044,512.4076101597108,36.57482761076986,36.57482761076986,36.57482761076986,36.57482761076986,36.57482761076986,36.57482761076986,0.0,0.0,0.0,-7674.245511711938
104,2020-05-05,-248.4368374293133,-34763.73166358889,19534.774153569804,-932.215307522728,520.9893296281393,36.57482761076986,36.57482761076986,36.57482761076986,36.57482761076986,36.57482761076986,36.57482761076986,0.0,0.0,0.0,-9334.971338571304
105,2020-05-06,-292.6346669992173,-39010.24645111563,20693.28930118679,-1029.9843633204657,551.8449445529984,36.57482761076986,36.57482761076986,36.57482761076986,36.57482761076986,36.57482761076986,36.57482761076986,0.0,0.0,0.0,-10995.697165430633
106,2020-05-07,-336.83249656912125,-42720.37092892027,21322.10585046246,-1127.7373866569083,575.0629214937237,36.57482761076986,36.57482761076986,36.57482761076986,36.57482761076986,36.57482761076986,36.57482761076986,0.0,0.0,0.0,-12656.422992289961
107,2020-05-08,-381.0303261390262,-46546.305929510905,22088.841268867604,-1236.6459361635232,590.1050695708814,36.57482761076986,36.57482761076986,36.57482761076986,36.57482761076986,36.57482761076986,36.57482761076986,0.0,0.0,0.0,-14317.148819149326
108,2020-05-09,-425.2281557089302,-50423.47314338388,23340.553207088247,-1341.584032400254,616.8084137631106,36.57482761076986,36.57482761076986,36.57482761076986,36.57482761076986,36.57482761076986,36.57482761076986,0.0,0.0,0.0,-15977.874646008655
109,2020-05-10,-469.4259852788342,-54478.91604830331,24435.165743670423,-1451.4046197578316,644.8953921974845,36.57482761076986,36.57482761076986,36.57482761076986,36.57482761076986,36.57482761076986,36.57482761076986,0.0,0.0,0.0,-17638.600472867984
110,2020-05-11,-513.6238148487402,-57879.98437287529,25068.89700458319,-1536.8866811201297,688.7691707915942,36.57482761076986,36.57482761076986,36.57482761076986,36.57482761076986,36.57482761076986,36.57482761076986,0.0,0.0,0.0,-19299.32629972739
111,2020-05-12,-557.8216444186442,-61096.215232403425,26634.381753777354,-1639.1511169752623,717.7985473657877,36.57482761076986,36.57482761076986,36.57482761076986,36.57482761076986,36.57482761076986,36.57482761076986,0.0,0.0,0.0,-20960.052126586717
112,2020-05-13,-602.0194739885482,-65382.94709504505,29094.38597746146,-1733.5263142890885,757.6393898490289,36.57482761076986,36.57482761076986,36.57482761076986,36.57482761076986,36.57482761076986,36.57482761076986,0.0,0.0,0.0,-22620.777953446046
113,2020-05-14,-646.2173035584531,-68391.58029330641,29408.899295474854,-1838.6428222405234,788.1518403562515,36.57482761076986,36.57482761076986,36.57482761076986,36.57482761076986,36.57482761076986,36.57482761076986,0.0,0.0,0.0,-24281.50378030541
114,2020-05-15,-690.4151331283571,-73044.59830949303,30634.55338257247,-1933.0655553871945,827.40803833957,36.57482761076986,36.57482761076986,36.57482761076986,36.57482761076986,36.57482761076986,36.57482761076986,0.0,0.0,0.0,-25942.22960716474
115,2020-05-16,-734.6129626982611,-77278.5886443822,32127.697109174638,-2038.886345334162,850.7470881578867,36.57482761076986,36.57482761076986,36.57482761076986,36.57482761076986,36.57482761076986,36.57482761076986,0.0,0.0,0.0,-27602.95543402407
116,2020-05-17,-778.810792268167,-81845.40279818619,33540.07775438382,-2157.4481870451646,888.8445174233418,36.57482761076986,36.57482761076986,36.57482761076986,36.57482761076986,36.57482761076986,36.57482761076986,0.0,0.0,0.0,-29263.68126088347
117,2020-05-18,-823.008621838071,-86077.61011814213,35179.551371729,-2272.502116368195,931.8993295737935,36.57482761076986,36.57482761076986,36.57482761076986,36.57482761076986,36.57482761076986,36.57482761076986,0.0,0.0,0.0,-30924.4070877428
118,2020-05-19,-867.206451407975,-90832.68717788607,36185.72093152399,-2411.8178584475077,980.9368744951105,36.57482761076986,36.57482761076986,36.57482761076986,36.57482761076986,36.57482761076986,36.57482761076986,0.0,0.0,0.0,-32585.13291460213
119,2020-05-20,-911.40428097788,-94331.37015607317,38815.60102432916,-2517.981100910391,1023.959876602334,36.57482761076986,36.57482761076986,36.57482761076986,36.57482761076986,36.57482761076986,36.57482761076986,0.0,0.0,0.0,-34245.858741461496
120,2020-05-21,-955.602110547784,-98791.15567360813,40231.46326714444,-2624.6270661802832,1062.939655143856,36.57482761076986,36.57482761076986,36.57482761076986,36.57482761076986,36.57482761076986,36.57482761076986,0.0,0.0,0.0,-35906.584568320824
121,2020-05-22,-999.7999401176879,-102227.98150121987,41086.16662839183,-2710.72430865047,1106.145668475057,36.57482761076986,36.57482761076986,36.57482761076986,36.57482761076986,36.57482761076986,36.57482761076986,0.0,0.0,0.0,-37567.31039518015
122,2020-05-23,-1043.997769687594,-105861.94875543074,43416.58418064321,-2819.3773688822794,1147.3737438977778,36.57482761076986,36.57482761076986,36.57482761076986,36.57482761076986,36.57482761076986,36.57482761076986,0.0,0.0,0.0,-39228.036222039555
123,2020-05-24,-1088.1955992574979,-109555.94286469177,44362.02940178232,-2920.8275488855534,1196.6836582973024,36.57482761076986,36.57482761076986,36.57482761076986,36.57482761076986,36.57482761076986,36.57482761076986,0.0,0.0,0.0,-40888.76204889888
124,2020-05-25,-1132.393428827402,-114728.51557503875,45664.41362533069,-3048.1706327065294,1214.0895374712359,36.57482761076986,36.57482761076986,36.57482761076986,36.57482761076986,36.57482761076986,36.57482761076986,0.0,0.0,0.0,-42549.48787575822
125,2020-05-26,-1176.5912583973068,-119329.4897320485,46860.44819707023,-3170.2525584802975,1249.145811224403,36.57482761076986,36.57482761076986,36.57482761076986,36.57482761076986,36.57482761076986,36.57482761076986,0.0,0.0,0.0,-44210.21370261758
126,2020-05-27,-1220.789087967211,-123201.02373551222,47488.273089158974,-3272.945124391676,1260.1427833277999,36.57482761076986,36.57482761076986,36.57482761076986,36.57482761076986,36.57482761076986,36.57482761076986,0.0,0.0,0.0,-45870.93952947691
127,2020-05-28,-1264.9869175371148,-128297.32734054954,47480.56216994889,-3416.811056594795,1288.0626784362944,36.57482761076986,36.57482761076986,36.57482761076986,36.57482761076986,36.57482761076986,36.57482761076986,0.0,0.0,0.0,-47531.665356336234
128,2020-05-29,-1309.1847471070207,-133826.7176443365,49261.14364541294,-3561.793046039259,1318.1734713207927,36.57482761076986,36.57482761076986,36.57482761076986,36.57482761076986,36.57482761076986,36.57482761076986,0.0,0.0,0.0,-49192.391183195636
129,2020-05-30,-1353.3825766769248,-139263.27319048613,49987.87874893547,-3697.9886709333514,1340.841145772864,36.57482761076986,36.57482761076986,36.57482761076986,36.57482761076986,36.57482761076986,36.57482761076986,0.0,0.0,0.0,-50853.11701005497
130,2020-05-31,-1397.5804062468287,-142854.1088585256,52266.98148314426,-3813.2112068541346,1368.1988075742688,36.57482761076986,36.57482761076986,36.57482761076986,36.57482761076986,36.57482761076986,36.57482761076986,0.0,0.0,0.0,-52513.84283691429
131,2020-06-01,-1441.7782358167337,-148184.64603042058,52763.68330164017,-3937.9496729253133,1410.4869576883,36.57482761076986,36.57482761076986,36.57482761076986,36.57482761076986,36.57482761076986,36.57482761076986,0.0,0.0,0.0,-54174.568663773665
132,2020-06-02,-1485.9760653866376,-152679.8375831937,54465.454350074586,-4068.1858116841495,1431.0356981487862,36.57482761076986,36.57482761076986,36.57482761076986,36.57482761076986,36.57482761076986,36.57482761076986,0.0,0.0,0.0,-55835.29449063299
133,2020-06-03,-1530.1738949565417,-157224.68819171094,55210.151129685255,-4184.161866494602,1448.968399939626,36.57482761076986,36.57482761076986,36.57482761076986,36.57482761076986,36.57482761076986,36.57482761076986,0.0,0.0,0.0,-57496.02031749232
134,2020-06-04,-1574.3717245264477,-162433.3405977072,55613.90576943864,-4322.436553218072,1462.6526637439733,36.57482761076986,36.57482761076986,36.57482761076986,36.57482761076986,36.57482761076986,36.57482761076986,0.0,0.0,0.0,-59156.746144351724
135,2020-06-05,-1618.5695540963516,-167467.84221045335,57637.14242972741,-4418.953102864256,1526.3517238726781,36.57482761076986,36.57482761076986,36.57482761076986,36.57482761076986,36.57482761076986,36.57482761076986,0.0,0.0,0.0,-60817.47197121105
136,2020-06-06,-1662.7673836662557,-171090.99978134118,59597.43299964955,-4556.416106356843,1600.6719964133524,36.57482761076986,36.57482761076986,36.57482761076986,36.57482761076986,36.57482761076986,36.57482761076986,0.0,0.0,0.0,-62478.19779807038
137,2020-06-07,-1706.9652132361607,-176055.79656120136,61088.2472738673,-4699.997856547918,1627.8832298065208,36.57482761076986,36.57482761076986,36.57482761076986,36.57482761076986,36.57482761076986,36.57482761076986,0.0,0.0,0.0,-64138.923624929754
138,2020-06-08,-1751.1630428060646,-181528.06375176364,62589.520363127696,-4823.772777699843,1655.0741408998715,36.57482761076986,36.57482761076986,36.57482761076986,36.57482761076986,36.57482761076986,36.57482761076986,0.0,0.0,0.0,-65799.64945178908
139,2020-06-09,-1795.3608723759687,-186541.67830043088,62403.39963075018,-4951.138771686641,1663.9020046594558,36.57482761076986,36.57482761076986,36.57482761076986,36.57482761076986,36.57482761076986,36.57482761076986,0.0,0.0,0.0,-67460.37527864841
140,2020-06-10,-1839.5587019458746,-190771.0477999314,63684.15114310757,-5089.396977001089,1685.5500613280246,36.57482761076986,36.57482761076986,36.57482761076986,36.57482761076986,36.57482761076986,36.57482761076986,0.0,0.0,0.0,-69121.10110550781
141,2020-06-11,-1883.7565315157785,-195632.40870556675,65113.6221502695,-5216.764778552358,1734.5950166646737,36.57482761076986,36.57482761076986,36.57482761076986,36.57482761076986,36.57482761076986,36.57482761076986,0.0,0.0,0.0,-70781.82693236714
142,2020-06-12,-1927.9543610856824,-201117.3773060617,66781.00098446477,-5368.65831762504,1746.8696724092406,36.57482761076986,36.57482761076986,36.57482761076986,36.57482761076986,36.57482761076986,36.57482761076986,0.0,0.0,0.0,-72442.55275922646
143,2020-06-13,-1972.1521906555874,-207181.86908736697,66766.77416150432,-5509.186289828,1807.5256193078758,36.57482761076986,36.57482761076986,36.57482761076986,36.57482761076986,36.57482761076986,36.57482761076986,0.0,0.0,0.0,-74103.27858608583
144,2020-06-14,-2016.3500202254916,-213205.1347091066,68508.51244505256,-5650.03806104322,1819.2845998960454,36.57482761076986,36.57482761076986,36.57482761076986,36.57482761076986,36.57482761076986,36.57482761076986,0.0,0.0,0.0,-75764.00441294516
145,2020-06-15,-2060.5478497953955,-216870.3335790923,72196.08296596394,-5765.965380293509,1918.8864918492031,36.57482761076986,36.57482761076986,36.57482761076986,36.57482761076986,36.57482761076986,36.57482761076986,0.0,0.0,0.0,-77424.73023980448
146,2020-06-16,-2104.7456793653005,-223039.93073342048,73511.98738306202,-5931.256464240454,1951.6757497668489,36.57482761076986,36.57482761076986,36.57482761076986,36.57482761076986,36.57482761076986,36.57482761076986,0.0,0.0,0.0,-79085.45606666386
147,2020-06-17,-2148.9435089352055,-228743.4667331391,73700.69216026065,-6104.81590404009,1964.5335486133788,36.57482761076986,36.57482761076986,36.57482761076986,36.57482761076986,36.57482761076986,36.57482761076986,0.0,0.0,0.0,-80746.18189352323
148,2020-06-18,-2193.1413385051096,-234143.58392252657,74208.7446952692,-6235.904901707767,1991.4149054890343,36.57482761076986,36.57482761076986,36.57482761076986,36.57482761076986,36.57482761076986,36.57482761076986,0.0,0.0,0.0,-82406.90772038256
149,2020-06-19,-2237.3391680750133,-240493.53968397423,78416.48936524749,-6398.590616288938,2070.748992878606,36.57482761076986,36.57482761076986,36.57482761076986,36.57482761076986,36.57482761076986,36.57482761076986,0.0,0.0,0.0,-84067.63354724187
150,2020-06-20,-2281.5369976449183,-244327.38821658384,80447.97679491265,-6497.765552976201,2171.556628117016,36.57482761076986,36.57482761076986,36.57482761076986,36.57482761076986,36.57482761076986,36.57482761076986,0.0,0.0,0.0,-85728.35937410124
151,2020-06-21,-2325.7348272148224,-249278.05659906912,82489.87307773242,-6631.4919730472475,2198.2131029871325,36.57482761076986,36.57482761076986,36.57482761076986,36.57482761076986,36.57482761076986,36.57482761076986,0.0,0.0,0.0,-87389.08520096057
152,2020-06-22,-2369.9326567847274,-253876.9226665915,84109.09777700147,-6773.713116687848,2239.3289361542857,36.57482761076986,36.57482761076986,36.57482761076986,36.57482761076986,36.57482761076986,36.57482761076986,0.0,0.0,0.0,-89049.81102781995
153,2020-06-23,-2414.1304863546325,-259917.87609281187,85040.25428605694,-6921.2038651967605,2273.9530346277425,36.57482761076986,36.57482761076986,36.57482761076986,36.57482761076986,36.57482761076986,36.57482761076986,0.0,0.0,0.0,-90710.53685467932
154,2020-06-24,-2458.328315924536,-265594.3113424782,87687.60616449217,-7069.754594706871,2329.8000027687312,36.57482761076986,36.57482761076986,36.57482761076986,36.57482761076986,36.57482761076986,36.57482761076986,0.0,0.0,0.0,-92371.26268153863
155,2020-06-25,-2502.5261454944402,-272347.71251724375,90158.16806459047,-7217.063415223239,2387.129008184247,36.57482761076986,36.57482761076986,36.57482761076986,36.57482761076986,36.57482761076986,36.57482761076986,0.0,0.0,0.0,-94031.98850839796
156,2020-06-26,-2546.7239750643453,-276579.4328099648,91942.66574113353,-7351.437466701715,2452.304855296728,36.57482761076986,36.57482761076986,36.57482761076986,36.57482761076986,36.57482761076986,36.57482761076986,0.0,0.0,0.0,-95692.71433525733
157,2020-06-27,-2590.9218046342494,-283742.5349766333,94881.58827666235,-7548.417701581385,2518.7543434864247,36.57482761076986,36.57482761076986,36.57482761076986,36.57482761076986,36.57482761076986,36.57482761076986,0.0,0.0,0.0,-97353.44016211666
158,2020-06-28,-2635.1196342041544,-289660.868413813,96874.4121503102,-7723.309211860384,2584.0381871640766,36.57482761076986,36.57482761076986,36.57482761076986,36.57482761076986,36.57482761076986,36.57482761076986,0.0,0.0,0.0,-99014.16598897603
159,2020-06-29,-2679.317463774059,-295950.40994518687,99971.195214063,-7882.777643652052,2649.9884987129294,36.57482761076986,36.57482761076986,36.57482761076986,36.57482761076986,36.57482761076986,36.57482761076986,0.0,0.0,0.0,-100674.89181583538
160,2020-06-30,-2723.515293343963,-300778.2374668819,103765.21269779926,-8003.064446565715,2738.3586901294866,36.57482761076986,36.57482761076986,36.57482761076986,36.57482761076986,36.57482761076986,36.57482761076986,0.0,0.0,0.0,-102335.61764269472
161,2020-07-01,-2767.713122913867,-305508.1375053757,105680.68959884794,-8123.285315519237,2811.169362990653,36.57482761076986,36.57482761076986,36.57482761076986,36.57482761076986,36.57482761076986,36.57482761076986,0.0,0.0,0.0,-103996.34346955405
162,2020-07-02,-2811.9109524837722,-312697.9915044903,108373.16447386068,-8311.93627635589,2906.4771600340364,36.57482761076986,36.57482761076986,36.57482761076986,36.57482761076986,36.57482761076986,36.57482761076986,0.0,0.0,0.0,-105657.06929641342
163,2020-07-03,-2856.108782053676,-318890.1775414437,109935.43918941345,-8476.429213500043,2942.940866129689,36.57482761076986,36.57482761076986,36.57482761076986,36.57482761076986,36.57482761076986,36.57482761076986,0.0,0.0,0.0,-107317.79512327274
164,2020-07-04,-2900.306611623581,-324979.6703412317,111599.22184616397,-8627.241982645288,2996.6962232478177,36.57482761076986,36.57482761076986,36.57482761076986,36.57482761076986,36.57482761076986,36.57482761076986,0.0,0.0,0.0,-108978.52095013211
165,2020-07-05,-2944.504441193486,-331116.4305078674,112182.93599417125,-8811.843319032096,2994.5954393002676,36.57482761076986,36.57482761076986,36.57482761076986,36.57482761076986,36.57482761076986,36.57482761076986,0.0,0.0,0.0,-110639.24677699147
166,2020-07-06,-2988.70227076339,-334618.08508204,116478.85408157122,-8899.474520175881,3108.0088113114466,36.57482761076986,36.57482761076986,36.57482761076986,36.57482761076986,36.57482761076986,36.57482761076986,0.0,0.0,0.0,-112299.97260385081
167,2020-07-07,-3032.900100333295,-339848.0271169212,116862.03942473662,-9063.693170438213,3099.68049105645,36.57482761076986,36.57482761076986,36.57482761076986,36.57482761076986,36.57482761076986,36.57482761076986,0.0,0.0,0.0,-113960.69843071017
168,2020-07-08,-3077.097929903198,-347286.74583585514,116340.59963945212,-9243.298215246934,3144.765471169557,36.57482761076986,36.57482761076986,36.57482761076986,36.57482761076986,36.57482761076986,36.57482761076986,0.0,0.0,0.0,-115621.42425756945
169,2020-07-09,-3121.2957594731038,-352628.5105221013,120564.26885229694,-9391.431209089937,3194.3305756650525,36.57482761076986,36.57482761076986,36.57482761076986,36.57482761076986,36.57482761076986,36.57482761076986,0.0,0.0,0.0,-117282.15008442885
170,2020-07-10,-3165.493589043009,-358369.5882570949,126853.34917820235,-9544.209825286121,3341.7930938685204,36.57482761076986,36.57482761076986,36.57482761076986,36.57482761076986,36.57482761076986,36.57482761076986,0.0,0.0,0.0,-118942.87591128823
171,2020-07-11,-3209.691418612912,-362885.86295422143,129020.49880051354,-9669.503612884571,3438.627022656068,36.57482761076986,36.57482761076986,36.57482761076986,36.57482761076986,36.57482761076986,36.57482761076986,0.0,0.0,0.0,-120603.60173814752
172,2020-07-12,-3253.889248182817,-372292.61992373964,135024.4475281944,-9891.379046950453,3613.633116435849,36.57482761076986,36.57482761076986,36.57482761076986,36.57482761076986,36.57482761076986,36.57482761076986,0.0,0.0,0.0,-122264.3275650069
173,2020-07-13,-3298.087077752722,-378867.40331090946,139258.07342782355,-10090.736602072844,3697.9609501081063,36.57482761076986,36.57482761076986,36.57482761076986,36.57482761076986,36.57482761076986,36.57482761076986,0.0,0.0,0.0,-123925.05339186625
